channel,title,views,age,duration,outlier_x_median,video_id
Ink Explainer,What Did Ancient Humans Do All Night?,10000,21h ago,14:43,0.0,j5PV676RN_U
Ink Explainer,How Did Ancient Humans Survive the Deadliest Predators on Earth?,63000,7d ago,10:27,0.2,19Fi4_5ptrc
Ink Explainer,What Did Ancient Humans Do For Pleasure?,223000,1mo ago,14:48,0.8,1xuponqgLoM
Ink Explainer,What Did Ancient Humans Actually Do All Day?,10000000,1mo ago,11:13,34.1,49_Ph2q6uIM
Ink Explainer,Why Ancient Humans Were The Most TERRIFYING Animal Alive,217000,1mo ago,9:07,0.7,xmQk_oLVau0
Ink Explainer,How Did Human Accidentally Invented Guns?,45000,2mo ago,12:48,0.2,0WtFuiHn2-g
Ink Explainer,The Disturbing Ways Ancient Humans Survived Winter,825000,2mo ago,11:31,2.8,dp3jYZXKOos
Ink Explainer,What Did Ancient Humans Do When It Rained All Week?,1500000,3mo ago,11:37,5.1,SD7XyG2wd1k
Ink Explainer,How Did Ancient Humans Travel the World?,815000,3mo ago,9:23,2.8,QP1maS6hYn4
Ink Explainer,Why Are We the Only Human Species Left? What happened to others...,1300000,3mo ago,8:06,4.4,OCr6NteWSQ8
Ink Explainer,When Did Ancient Humans Start Smoking Weed?,335000,4mo ago,8:24,1.1,vQ6M4MIOI0U
Ink Explainer,Do Animals Know When Another Animal is a Baby?,293000,4mo ago,8:08,1.0,LIwUH_R6oJY
Ink Explainer,When Did Ancient Humans Start Drinking Alcohol?,891000,4mo ago,6:04,3.0,9AFO6MHy8y4
Ink Explainer,Why Life Speeds Up As You Get Older?,153000,4mo ago,9:03,0.5,rpoVSR-9qNI
Ink Explainer,What did Early Humans do when they got Sick,39000,4mo ago,8:03,0.1,6TzPQ0046lw
Ink Explainer,what is The IKEA Effect.,16000,5mo ago,4:09,0.1,ulWFk_L2Ips
Ink Explainer,The Real Reason Humans Started Wearing Clothes,361000,5mo ago,6:44,1.2,UuES_JDWBIo
Zenn,What Did Ancient Humans Do All Year?,4400,20h ago,11:13,0.1,4MkAjGeYyHY
Zenn,What The World's Quietest Room Does To Your Brain,26000,12d ago,8:15,0.9,e80H4rkWvM0
Zenn,The Nocebo Effect,14000,2w ago,4:07,0.5,rgYkjRcyppY
Zenn,The Minnesota Effect,116000,3w ago,8:01,3.8,EHPBtQYWlfU
Zenn,Why You Hate The Sound Of Your Own Voice,27000,1mo ago,8:07,0.9,t8Gl7tf8Sfo
Zenn,The Slotow Effect,329000,1mo ago,11:36,10.8,_xGwOhFLdno
Zenn,What Do Blind People Actually See?,19000,1mo ago,8:19,0.6,YJvPmgRz2Mw
Zenn,Why Nobody Smiled In Old Photos,16000,1mo ago,12:37,0.5,JuZh2rmD6m0
Zenn,What If Nobody Held You as a Baby?,37000,1mo ago,9:01,1.2,GqXXtxAyx0Q
Zenn,Why No Animal Has Ever Evolved A Wheel,18000,2mo ago,8:38,0.6,kGOJvM7HAp0
Zenn,When Do You Peak in Life?,19000,2mo ago,8:31,0.6,SRWmJj0zBs0
Zenn,How a Mosquito Chooses Who to Bite,19000,2mo ago,9:00,0.6,U-QW-HkDOmA
Zenn,Would You Know If You Were Stupid?,18000,2mo ago,8:01,0.6,TGWu6Hpc118
Zenn,What Does Dying Feel Like?,18000,2mo ago,10:14,0.6,Tw-xhswJNWE
Zenn,What Did Surgery Feel Like Before Anesthesia?,27000,2mo ago,9:07,0.9,Dw2Pifv1JrM
Zenn,The Marshmallow Effect,18000,3mo ago,8:20,0.6,9k817syA7SY
Zenn,Were Ancient Humans Loyal to One Partner?,25000,3mo ago,8:03,0.8,FKpfsLuTYOI
Zenn,Do Animals Remember Human Faces?,17000,3mo ago,7:07,0.6,jBM7m-LcT2I
Zenn,Why Every Culture On Earth Invented Dragons,30000,3mo ago,8:32,1.0,RBlS6iNpl50
Zenn,Why Do Dogs Love Humans?,14000,3mo ago,8:07,0.5,rtbqlnD_VXg
Zenn,Are You Real?,30000,3mo ago,8:19,1.0,L7FSwztrda4
Zenn,Why Were Vikings So Scared at Night?,23000,3mo ago,8:02,0.8,6jZWZokuQuc
Zenn,What Happens to Unvisited Graves?,31000,3mo ago,9:07,1.0,LYMwaaRZ-wo
Zenn,The Bliss Point,65000,3mo ago,8:03,2.1,FqLPYQRs6Sk
Zenn,What If Humans Lived 4.5 Billion Years Ago?,42000,4mo ago,8:01,1.4,OkR_u0neUc8
Zenn,Why Are Exactly 10% of People Left-Handed?,34000,4mo ago,8:37,1.1,HooBxU_HRbM
Zenn,The ENTIRE History of MONEY,86000,4mo ago,12:58,2.8,gEnnt7fDn5Y
Zenn,What Did Ancient Humans Do All Day?,440000,4mo ago,8:49,14.4,QZNB21kQCgQ
Zenn,The Calhoun Effect,4900000,5mo ago,8:33,160.7,LuCans9euxY
Zenn,What Did Ancient Humans Actually Eat?,886000,5mo ago,8:04,29.0,d8lMW1uDN4s
Zenn,The Pratfall Effect,52000,5 months ago,3:58,1.7,ZJai7C3tb1M
Zenn,What If WE Are The Aliens?,828000,5 months ago,10:32,27.1,_XYNsTvnU7E
Zenn,The Spotlight Effect,148000,5 months ago,8:20,4.9,W9hRteFVYCc
Zenn,Why Hasn't Anyone Raised the Titanic?,716000,5 months ago,10:23,23.5,IlCq6a0sDCk
Zenn,What Did Ancient Humans Do at Night?,8000000,5 months ago,8:32,262.3,st_Ah6Ykbh4
Zenn,Why You Can't Remember Being a Baby,1800000,6 months ago,6:54,59.0,royoy7-PyTw
Zenn,What Happens After We Die?,582000,6 months ago,8:16,19.1,5tjzei0JOL8
Zenn,Why Are Humans Dumber Now?,75000,6 months ago,10:26,2.5,ZYG4Dg9JEMw
Mack,What Sound Terrified Every Ancient Human?,81,2h ago,25:14,0.0,Hf2itilGuEk
Mack,When Did Humans Invent First Nuclear Bomb?,1200,1d ago,27:14,0.1,v7pymNu1beo
Mack,Why Do Humans Have Wisdom Teeth?,5400,2d ago,22:43,0.4,iJ1pVp8WJ1w
Mack,Can We Really Run on Water?,2400,3d ago,22:51,0.2,upcAC2l61zw
Mack,Do Human Really Exist?,9400,4d ago,24:24,0.7,Ap2t00tL0JI
Mack,How Did Humans Accidentally Discover Metal?,13000,5d ago,24:59,1.0,chyqf36kDyw
Mack,What Hidden Body Abnormalities Do Most Humans Have?,5900,6d ago,23:43,0.5,TuOMV8f4998
Mack,"What Was Hidden Inside 40,000 Year Old Neanderthal DNA?",10000,7d ago,27:12,0.8,gNnBfdJP2Yg
Mack,Why Did Humans Ride Horses Instead of Other Animals?,5200,8d ago,23:43,0.4,lRuHs8jt9ec
Mack,How Did Humans Invent Slavery?,16000,9d ago,27:42,1.2,BiDNSdnWGxY
Mack,When Did Humans First Discover America?,15000,10d ago,22:24,1.2,Ngs9RCPJM_I
Mack,How Did Ancient Humans Get Salt Before Mining It?,13000,11d ago,24:07,1.0,crkM1oCg0Pk
Mack,Why Were Some Ancient Humans Never Buried?,5600,12d ago,25:32,0.4,Kz1H0jlTDi4
Mack,Why Do Humans Mostly Eat Chicken Eggs?,8000,13d ago,25:26,0.6,DCO_laCka9M
Mack,Why Did Ancient Humans Enter the Frozen North?,201000,2w ago,27:05,15.5,luoPwt2I0d0
Mack,How Many Children Did Ancient Humans Usually Have?,6600,2w ago,27:50,0.5,hWdMC7YAFcY
Mack,Why Don’t We Eat Insects If They’re Full of Protein?,34000,2w ago,28:44,2.6,2kF2Rl-H-OM
Mack,Why Don’t Humans Drink Pig or Dog Milk?,6200,2w ago,24:23,0.5,zndAIugE930
Mack,When Did Humans Invent Taxes?,3800,2w ago,27:46,0.3,wKeAGIm4dIc
Mack,How Did Humans Domesticate the First Animals?,5000,2w ago,29:57,0.4,eULonQ2DadQ
Mack,Why Did Humans Domesticate Camels but Never Giraffes?,7800,2w ago,23:48,0.6,LgfLTLr6d-M
Mack,How Did Ancient Humans Survive Being Attacked by Predators?,7200,3w ago,22:23,0.6,Ea6i38uirIo
Mack,When Did Ancient Humans First Find the Most Popular Drug?,9000,3w ago,21:57,0.7,w4QVSv1wrkw
Mack,How Did Ancient Humans Invent Taxes?,8800,3w ago,19:00,0.7,DR384UuY5-U
Mack,What Would Neanderthals Look Like If They Never Stopped Evolving?,5500,3w ago,23:30,0.4,7SoRzDbzCb0
Mack,When Did Ancient Humans First Start Drinking Alcohol?,8500,3w ago,26:09,0.7,BPVTL4gm23g
Mack,How Did Ancient Humans Sleep When It Was Freezing?,249000,3w ago,28:16,19.2,onIhZyjkgWg
Mack,Why Don’t Humans Actually Eat Dog Meat?,10000,3w ago,22:31,0.8,g-LY6ZL1sx8
Mack,How Did Ancient Persians Create Ice With No Electricity?,13000,4w ago,22:55,1.0,TzkyfE_YOfg
Mack,How Did Ancient Humans Survive Freezing Winters?,10000,4w ago,21:35,0.8,PvNZRXxZerk
Mack,Why Do Dogs Still Sunbathe Even During a Heatwave?,8000,1 month ago,26:34,0.6,bOWWuebMGTU
Mack,How Did Ancient Humans Actually Survive Without Salt?,7900,1 month ago,24:33,0.6,3A2RQ3q19xw
Mack,Why Do Humans Snore?,3700,1 month ago,22:20,0.3,__oYeEwDDsI
Mack,Why Do Humans Have to Pretend to Sleep to Fall Asleep?,146000,1 month ago,21:47,11.2,ZhIeknerhrQ
Mack,What Did Ancient Humans Actually Do for Fun?,10000,1 month ago,25:07,0.8,jeZwxrjrtVI
Mack,When Did Humans Invent Vampires?,13000,1 month ago,25:29,1.0,NI_vePNtIEY
Mack,Why Do Animals Save Humans?,12000,1 month ago,23:11,0.9,xBmk9VJa6q8
Mack,How Did Humans Build the First Boat?,7900,1 month ago,22:31,0.6,8gZtJiEg5Wg
Mack,When Did Humans First Discover Cannabis?,18000,1 month ago,27:53,1.4,reyXeFNagCo
Mack,How Did Ancient Humans Explain Hearing Voices?,6500,1 month ago,24:24,0.5,xJNJ7ZmOeXo
Mack,What CRAZY Tricks Did Ancient Humans Use in Winter?,30000,1 month ago,22:52,2.3,0KKM5XQbiOc
Mack,How Did Ancient Humans Travel Without Maps?,6200,1 month ago,24:19,0.5,YiIprkgs9os
Mack,What Strange Traits Are Humans Evolving Right Now?,58000,1 month ago,26:26,4.5,MMycNJ05f8M
Mack,Would Ancient Humans Be Considered Attractive Today?,15000,1 month ago,23:27,1.2,B6s7CJmp4lA
Mack,Which Ancient Civilizations Accepted Queer Relationships?,6600,1 month ago,26:41,0.5,ffLAMhzErvA
Mack,What Has Science Gotten Wrong About Neanderthals?,7600,1 month ago,26:06,0.6,xT6GWE-5_sU
Mack,How Did Vikings Stay Warm on Freezing Ships?,67000,2 months ago,23:20,5.2,7xgt_LQxedc
Mack,What’s the Smallest Human Population Needed to Repopulate Earth?,23000,2 months ago,25:39,1.8,Qc04FXiNknE
Mack,Why Do Some of Us Have Almond-Shaped Eyes?,7400,2 months ago,24:12,0.6,ChVV5l9yVyY
Mack,Why Do Humans Mostly Drink Cow’s Milk?,5500,2 months ago,26:50,0.4,4Nqr1sBM4dE
Mack,Did Ancient Humans Reproduce With Family Members?,8400,2 months ago,26:43,0.6,jNwH_nh5sxQ
Mack,Why Did Ancient Humans Become Parents at 12?,16000,2 months ago,21:31,1.2,PPxxW2EqKNY
Mack,How Did the Other 6 Civilizations Disappear?,7400,2 months ago,25:54,0.6,J5l_4vPxI6Q
Mack,What Happens When You Become Conscious Inside a Dream?,50000,2 months ago,21:45,3.8,Y_-aMBlHWgE
Mack,Is Your Inner Voice Really You?,102000,2 months ago,23:58,7.8,kLYsABip8tI
Mack,What Was History’s Most Terrifying Disease?,26000,2 months ago,23:37,2.0,yJKQjUB8dxA
Mack,Why Didn’t Ancient Humans Need Exercise?,6200,2 months ago,22:12,0.5,bPKj9uIGne4
Mack,Why Don’t Wild Wolves Attack Us?,4500,2 months ago,23:52,0.3,CC_x1nBDAD8
Mack,Did Cats Actually Domesticate Humans?,11000,2 months ago,20:58,0.8,dPynRCsfRO0
Mack,Did Ancient Humans Kill the Other Human Species?,20000,2 months ago,23:24,1.5,IKyDZIBJsoc
Mack,Why Don’t We Drink Other Animals’ Milk?,15000,2 months ago,22:29,1.2,EFwIuhvUqdk
Mack,How Did Ancient Women Give Birth Before Hospitals?,5400,2 months ago,22:51,0.4,cEox0SaiJfU
Mack,Why Does Time Feel Faster as You Age?,50000,2 months ago,23:15,3.8,0neQIzWDXaM
Mack,Why Can Dogs Drink Dirty Water and Survive?,11000,2 months ago,22:54,0.8,hHKS6Qt6B-8
Mack,How Did Ancient Humans Survive Endless Rain?,443000,2 months ago,24:46,34.1,pPm3vHUQCpo
Mack,Why Didn’t Ancient Humans Wash Their Hands?,27000,2 months ago,22:46,2.1,3GIa4G0sAx4
Mack,How Did Humans Communicate Before Speech?,40000,2 months ago,24:02,3.1,V_Yx8gJCCUw
Mack,How Did Ancient Humans Travel So Far?,55000,2 months ago,25:53,4.2,McXn53SKXYg
Mack,What Was Black Life Like Through History?,87000,2 months ago,23:29,6.7,f59QqKgwuq0
Mack,Were Ancient Humans Attractive?,38000,3 months ago,24:36,2.9,6SapuAcHmDk
Mack,Were Cavewomen Stronger Than We Think?,10000,3 months ago,24:48,0.8,Lh5H1HoRm-c
Mack,Why Didn’t Ancient Humans Sleep Alone?,30000,3 months ago,24:08,2.3,6mAx4_V1Rdk
Mack,Do Animals Treat Babies Differently?,5700,3 months ago,24:48,0.4,dYQqeO8B-OU
Mack,How Did Humans Invent Guns?,664000,3 months ago,21:21,51.1,z1StpnRL4k4
Mack,How Did Ancient Humans Handle Hunger?,9200,3 months ago,21:21,0.7,jPAnTFbP9Eg
Mack,How Did Ancient Humans Punish Criminals?,40000,3 months ago,26:04,3.1,bft1YyeSY_w
Mack,Why Did Ancient Humans Die Young?,76000,3 months ago,22:04,5.8,qsBitnO8djE
Mack,Did Autistic Traits Help Ancient Tribes?,189000,3 months ago,20:01,14.5,88xZotShpxY
Mack,Did Ancient Humans Have One Partner?,110000,3 months ago,22:42,8.5,5agqeNtjstU
Mack,What Are Your Final 60 Minutes Like?,15000,3 months ago,19:09,1.2,NwCcycfB-C4
Mack,Why Ancient Humans Would Have Died Without Animals?,6600,3 months ago,20:48,0.5,lWQX75AZrNE
Mack,What Animal Will Humans Domesticate Next?,7400,3 months ago,17:59,0.6,MJXmEmJpkQ0
Mack,Could Ancient Humans Prevent Pregnancy?,16000,3 months ago,21:43,1.2,BLTnbQ5_AQc
Mack,Why Did Your Baby Memories Disappear?,331000,3 months ago,21:19,25.5,1LM21yDJq-0
Mack,What Did Ancient Humans Do With the Mentally Ill?,194000,3 months ago,21:41,14.9,lkLwp9o7Djk
Mack,Why Are Animals Scared of Humans?,503000,3 months ago,18:23,38.7,dD9fXUGbfbA
Mack,Why Ancient Humans Went From Black to White?,1100000,3 months ago,22:20,84.6,th-0rmRYBSg
Mack,Did Ancient Humans Have a Private Life?,233000,3 months ago,22:14,17.9,uHDxhzZGGmU
Mack,Do Animals Know When a Human is Sad?,82000,3 months ago,21:53,6.3,5unhHRFkC7I
Mack,Do Animals Know They're Alive?,57000,3 months ago,17:19,4.4,pJYm-8WQbEE
Mack,How Did Ancient Women Handle Their Periods?,754000,3 months ago,20:51,58.0,NcITexwM0Fg
Mack,How Did Ancient Humans Survive Predators?,551000,3 months ago,21:49,42.4,AvF3bPcqZeM
Mack,Do Wild Animals Know When a Human Is Helping Them?,809000,4 months ago,19:56,62.2,Leol0DxxGe4
Mack,What Did Ancient Humans Do All Day With No Jobs?,396000,4 months ago,22:53,30.5,Qgz_k2JQ3UY
Mack,Why Did Ancient Humans Start Wearing Clothes?,992000,4 months ago,20:06,76.3,yKqe_ey3QOs
Mack,How Did Ancient Humans Survive Without Medicine?,286000,4 months ago,21:21,22.0,rk7qIWcLJ40
Mack,When Did Ancient Humans First Drink Alcohol?,261000,4 months ago,25:16,20.1,wihLSMVD6iM
Mack,When Did Ancient Humans Start Smoking?,1700000,4 months ago,21:54,130.8,C27Dd23jZzA
