topic,title,channel,subs,views,published,age_days,duration,comments_per_1k_views,views_per_sub,views_per_day,chapters,sources_in_description,video_id
Sleep / 3 AM,What Did Ancient Humans Do at Night?,Zenn,194000,8027000,"Apr 5, 2026",180,8:32,0.91,41.5,44532,0,yes,st_Ah6Ykbh4
Sleep / 3 AM,Why Humans Are Supposed to Sleep in Two 4-Hour Phases,Half as Interesting,2940000,2756509,"Aug 12, 2021",1877,6:20,1.67,0.9,1468,5,no,DKBXFfEPJyg
Sleep / 3 AM,It Turns Out We've Been Sleeping Wrong For Centuries,Thoughty2,5710000,1661666,"Dec 18, 2024",653,23:03,3.61,0.3,2542,6,yes,6tHpdxp_N8A
Neanderthals / only species,My Theory About Neanderthals,Sam O'Nella Academy,4810000,8616030,"May 27, 2017",3415,4:02,0.87,1.8,2523,3,no,DX0Dg9MxsOg
Neanderthals / only species,Why Are We The Only Humans Left?,Be Smart,5880000,8207759,"Apr 25, 2017",3447,7:32,1.71,1.4,2381,8,yes,dbHj-Q1FTj8
Neanderthals / only species,Neanderthals Were Absolute Freaks Of Nature,ExtinctZoo ,1540000,7219996,"Oct 12, 2024",720,16:26,1.8,4.7,10014,16,no,yxgQcYGvWG0
Teeth,Why Our Ancestors Didn't Need To Brush Their Teeth 🤨,Zack D. Films,28800000,63051381,"Mar 11, 2023",1301,0:30,0.16,2.2,48459,0,no,Y87g8drletk
Teeth,Why do we have crooked teeth when our ancestors didn’t? - G. Richard Scott,TED-Ed,22900000,4902383,"May 2, 2023",1249,5:17,1.1,0.2,3921,6,yes,li1kO3hg4iE
Teeth,Why Ancient Humans Had Better Teeth Than You!,Emily Driscoll,3380,2009708,"May 9, 2025",511,0:48,0.45,594.6,3933,0,no,OBpC7DvkQH4
Volcanic winter / Toba,The Year The Sun Turned Black: The Volcanic Winter Of 536 AD | Catastrophe | Timeline,Timeline - World History Documentaries,5900000,3158167,"May 25, 2023",1226,1:39:25,0.48,0.5,2570,0,no,Azu6NN5bZWc
Volcanic winter / Toba,The Volcanic Winter Of 536 AD Explained | Catastrophe,Chronicle - Medieval History Documentaries,896000,1960403,"Mar 16, 2022",1661,49:29,0.97,2.2,1177,10,no,AYAsw1o7AMs
Volcanic winter / Toba,The Super Volcano That Nearly Destroyed The Human Race | Catastrophe,Naked Science,1760000,866205,"Apr 16, 2024",899,48:56,1.16,0.5,962,8,no,LHrVQjyMYJE
Childbirth (ancient humans),What Did Ancient Humans Do When Someone Got Pregnant?,HUMAN-ISH,4230,548884,"May 24, 2026",131,10:33,1.23,129.7,4188,8,no,xkr2DJ_dlWI
Childbirth (ancient humans),What Did Ancient Humans Do When They Had a Baby?,Renn,2240,317756,"Premiered May 31, 2026",124,12:22,1.25,141.6,2524,10,yes,HKuVQzxYmcM
Childbirth (ancient humans),How Did Ancient Humans Survive Childbirth,Archaia,81,8117,"Jun 7, 2026",117,10:42,0.49,100.2,69,6,yes,TFvpHOYzjZQ
Toilets / hygiene,A brief history of toilets - Francis de los Reyes,TED-Ed,22900000,6231608,"Jun 15, 2021",1935,5:22,0.34,0.3,3217,7,yes,0dYk99S98Jc
Toilets / hygiene,Did Ancient Humans Not Wipe Their Butts?,PROF. STICKMAN,1510,325918,"Jul 26, 2026",68,6:02,3.07,218.6,4790,5,yes,VFlbBtxrQHY
Toilets / hygiene,How Did Ancient Humans Actually Go To The Toilet?,Broyaa,127,55611,"Jul 16, 2026",78,6:21,0.53,412.4,671,6,yes,S1dB7QgjXEM
Body hair,How Humans Lost Their Fur,PBS Eons,3220000,3934830,"Dec 2, 2020",2130,12:21,2.26,1.2,1847,9,yes,E76vqlhmBlc
Body hair,Why Do Humans Have So Much Hair On Their Heads?,NORTH 02,744000,290704,"Mar 18, 2021",2024,9:30,3.79,0.4,144,4,yes,FXvRW1Sm1Nw
Body hair,How Humans LOST Their Fur | HISTORY FOR SLEEP,Sleepy Time Historian,173000,285109,"Nov 30, 2025",306,2:07:03,3.03,1.6,931,10,yes,Al8vULufNoE
