topic,query,rank,title,views,age,channel,duration,video_id
childbirth,how did ancient humans give birth,1,"How Did Ancient Humans Give Birth? (No Hospitals, No Doctors)",244,3mo ago,Minne ,9:50,5uJsOFQHNWA
childbirth,how did ancient humans give birth,2,How Did Ancient Humans Give Birth?,3799,4mo ago,KisThe History,3:50,-jjtfB0rr-I
childbirth,how did ancient humans give birth,3,What Did Ancient Humans Do When Someone Got Pregnant?,548885,4mo ago,HUMAN-ISH,10:33,xkr2DJ_dlWI
childbirth,how did ancient humans give birth,4,How Did Ancient Humans Give Birth?,470,3d ago,Lost To History,10:27,e4oZkZa7lFE
childbirth,how did ancient humans give birth,5,How Did Ancient Humans Survive Childbirth Without Doctors?,105,2mo ago,Primal Sketch,10:59,AZUszUbdl5M
childbirth,how did ancient humans give birth,6,How Did Ancient Humans Survive Childbirth,8117,3mo ago,Archaia,10:42,TFvpHOYzjZQ
childbirth,how did ancient humans give birth,7,How Did Ancient Humans Give birth without doctors?,1586,4w ago,Stick Hominid  and Cognito Psychology,8:02,O4-JVx2y37Y
childbirth,how did ancient humans give birth,8,How Did Ancient Humans Survive Childbirth Without Doctors?,79,3w ago,Dawn of Humanity ,15:13,T9D9Gzy-px0
childbirth,how did ancient humans give birth,9,"How Did Ancient Humans Give Birth 50,000 Years Ago?",204,3mo ago,Human Origins,4:23,1ZJu5tLjQ3w
childbirth,how did ancient humans give birth,10,How Did Ancient Egyptian Women Survive Childbirth?,119187,1mo ago,Primoral,8:30,YFo4uhboFvc
childbirth,how did ancient humans give birth,11,How Did Ancient Humans Survive Childbirth?,162,6d ago,The old ways ,12:20,iJS2UZEUG8I
childbirth,how did ancient humans give birth,12,How Did Ancient Humans Give Birth?,201,1mo ago,Gritty Humans,13:58,xS0TUEIZdL4
childbirth,ancient humans childbirth,1,How Did Ancient Humans Give Birth?,3799,4mo ago,KisThe History,3:50,-jjtfB0rr-I
childbirth,ancient humans childbirth,2,How Ancient Humans Solved the Problem of Childbirth Pain,42,2mo ago,Dust Explained,9:10,vVwJYV7f_uM
childbirth,ancient humans childbirth,3,How Did Ancient Humans Survive Childbirth?,364,3w ago,Primal Explainer,5:50,1zU03c42LL0
childbirth,ancient humans childbirth,4,What Did Ancient Humans Do When Someone Got Pregnant?,548885,4mo ago,HUMAN-ISH,10:33,xkr2DJ_dlWI
childbirth,ancient humans childbirth,5,A History of Childbirth: Delivery,1157922,6y ago,History Tea Time with Lindsay Holiday,20:13,JhEi7lfFpSA
childbirth,ancient humans childbirth,6,How Did Ancient Humans Survive Childbirth,8117,3mo ago,Archaia,10:42,TFvpHOYzjZQ
childbirth,ancient humans childbirth,7,Ancient Labor Rituals! #shorts,138078,2y ago,Anna The Nurse,0:58,30htX5cwR9c
childbirth,ancient humans childbirth,8,How Did Ancient Humans Survive Childbirth Without Hospitals?,64,3w ago,Past Pioneers ,6:39,nO_DG2MrAi8
childbirth,ancient humans childbirth,9,How Did Ancient Humans Give Birth Without Doctors? | The Oldest Medical Practice We Have,162,4w ago,Doodz,9:32,kwuLOujOPjI
childbirth,ancient humans childbirth,10,How Did Ancient Humans Survive Childbirth Without a Doctor?,111,3w ago,Stone Age Life,6:25,Le5L6UWOPVM
childbirth,ancient humans childbirth,11,How Did Ancient Humans Actually Give Birth?,523,2w ago,FlintMark,8:49,0q_X97K_yK8
childbirth,ancient humans childbirth,12,How Did Ancient Humans Survive Childbirth,5,8h ago,Lazy_,7:33,JiYUBvJaThc
childbirth,how did cavewomen give birth,1,How Did Cavewomen Survive Childbirth?,26,1mo ago,Hafee Genius,16:53,XG6uUYXk-rQ
childbirth,how did cavewomen give birth,2,How Did Cavewomen Deliver Babies in the Wild?,1180,2mo ago,Rock & stone,8:48,ULbGf3DLr94
childbirth,how did cavewomen give birth,3,How Did Cavewomen Give Birth?,771,3mo ago,CIPHER UNIT,6:13,TIcDyhS_4yY
childbirth,how did cavewomen give birth,4,How Did Ancient Humans Give Birth?,3799,4mo ago,KisThe History,3:50,-jjtfB0rr-I
childbirth,how did cavewomen give birth,5,No Hospital. No Midwife. No Medicine. How Did Ancient Women Give Birth?,150,2d ago,Past & Curious,13:39,4h9mcm-rTlc
childbirth,how did cavewomen give birth,6,A History of Childbirth: Delivery,1157922,6y ago,History Tea Time with Lindsay Holiday,20:13,JhEi7lfFpSA
childbirth,how did cavewomen give birth,7,How Did Cavewomen Survive Giving Birth With NO Doctors? || Natural birth in nature || #naturalbirth ,52,2w ago,Secrets Before Us ,8:45,ubhrmBTPogw
childbirth,how did cavewomen give birth,8,How Did Ancient Humans Survive Childbirth ,18,21h ago,Humans In Paint ,10:17,-e9srNoIpBA
childbirth,how did cavewomen give birth,9,What Did Ancient Humans Do When Someone Got Pregnant?,548885,4mo ago,HUMAN-ISH,10:33,xkr2DJ_dlWI
childbirth,how did cavewomen give birth,10,How Giving Birth Changes Your Brain,4562282,7y ago,Insider Science,3:10,KJqDRCyEX4o
childbirth,how did cavewomen give birth,11,How Did Ancient Humans Give Birth Without Hospitals? The Most Dangerous Moment in Human History,6843,4mo ago,歴史解説,9:19,t6o4tvnVCiU
childbirth,how did cavewomen give birth,12,How Did Ancient Humans Survive Childbirth Without Medicine?,45,1mo ago,Before We Were Civilized,16:08,b-_JZun_Flk
bathing/body odor,did ancient humans bathe,1,How Did Ancient Humans Deal With Hygiene?,330886,4mo ago,PaintTheFacts,8:54,slI1pvzf3UM
bathing/body odor,did ancient humans bathe,2,Why Did Ancient Humans Start Bathing?,55,3mo ago,Paleo Tracker,15:40,ELsVukoPwjo
bathing/body odor,did ancient humans bathe,3,"How Did Ancient Humans Bathe 4,500 Years Ago?",147,2mo ago,Why We're Like This,9:08,1d6KJBxvsnQ
bathing/body odor,did ancient humans bathe,4,How Did Ancient Africans Bathe?,11800,5y ago,From Nothing,11:01,-WHjallNoSA
bathing/body odor,did ancient humans bathe,5,When Did Ancient Humans Start Bathing?,2608,3mo ago,Zoren and  History Alive Animated,15:11,pZiJmZ64A6A
bathing/body odor,did ancient humans bathe,6,Did Ancient Humans Ever Bathe?,68,9d ago,Kruveo,9:26,ak8Ia7Q2hcY
bathing/body odor,did ancient humans bathe,7,How Did Ancient Humans Bathe in -50°C Winters Without Freezing?,18549,1mo ago,Runic,22:01,irJfowLzEMU
bathing/body odor,did ancient humans bathe,8,How Did Ancient Humans Stay Clean?,53235,3mo ago,Explain In Paint and 2 more,23:47,5Qv-VF-V5TI
bathing/body odor,did ancient humans bathe,9,How Did Ancient Humans Bathe Before Soap?,283,1mo ago,History Doodles,12:25,m0nw7t8qNpc
bathing/body odor,did ancient humans bathe,10,Did Ancient Humans Take Showers?,247,2mo ago,Renk,3:34,FDH0Mw71eKg
bathing/body odor,did ancient humans bathe,11,How Did Ancient Humans Bathe Together Without Any Privacy?,122,3mo ago,Stann,8:45,kHoX2ibZL6A
bathing/body odor,did ancient humans bathe,12,When Did Ancient Humans Start Bathing?,82,2mo ago,Toco,7:22,EPT9ZMyv6yI
bathing/body odor,how did ancient humans stay clean,1,How Did Ancient Humans Deal With Hygiene?,330886,4mo ago,PaintTheFacts,8:54,slI1pvzf3UM
bathing/body odor,how did ancient humans stay clean,2,How Did Ancient Humans Stay Clean?,53235,3mo ago,Explain In Paint and 2 more,23:47,5Qv-VF-V5TI
bathing/body odor,how did ancient humans stay clean,3,How Did Ancient Humans Stay Clean WITHOUT SOAP?,4,4h ago,The_Curious_Mindz,10:16,Tpcb1696q6g
bathing/body odor,how did ancient humans stay clean,4,How Did Ancient Humans Clean Themselves?,215,12d ago,LifeBeforeExp,12:20,54e45_IN9Uo
bathing/body odor,how did ancient humans stay clean,5,How Did Humans Stay Clean Before Soap?,4215,5mo ago,Doodle Facts,6:46,KdxbLXnk2xc
bathing/body odor,how did ancient humans stay clean,6,How Did Ancient Humans Stay Clean?,22,2mo ago,Pabeli,10:50,bQDW4-DxBdk
bathing/body odor,how did ancient humans stay clean,7,How did ancient humans stay clean ?,78,1mo ago,Ancient Humans,18:00,pP4FG7VGkYA
bathing/body odor,how did ancient humans stay clean,8,How Did Ancient Humans Stay Clean Without Soap,3173,1mo ago,Clever Humans,18:31,kpJG_mmrJOw
bathing/body odor,how did ancient humans stay clean,9,How Did Ancient Humans Survive Without Clean Water?,735882,2mo ago,Deep Epoch,16:23,WkbdkfRETfk
bathing/body odor,how did ancient humans stay clean,10,How Did Ancient Humans Stay Clean?,63,1mo ago,Simply Sapiens,8:17,EoOV8l87Vl8
bathing/body odor,how did ancient humans stay clean,11,Every Type of Ancient Soap Explained - How Did Ancient Humans Keep Clean Without Soap?,2,23h ago,Every Ancient Thing,7:15,AFQyw5cs7xw
bathing/body odor,how did ancient humans stay clean,12,How Did Ancient Humans Stay Clean Before Soap Existed? #ancienthistory,94,2mo ago,Forest Cozy Days,1:37,TLc8BnjWtW8
bathing/body odor,how did cavemen smell,1,What Did Cavemen Actually Smell Like?,34,6d ago,Ancient Stick,7:40,QSrSdEVE_Fo
bathing/body odor,how did cavemen smell,2,How Did Ancient Humans Deal With Hygiene?,330886,4mo ago,PaintTheFacts,8:54,slI1pvzf3UM
bathing/body odor,how did cavemen smell,3,How Did Ancient Humans Deal With Smell Before Deodorant?,775,4w ago,History Has Secrets,8:52,iI-rRbjLGWw
bathing/body odor,how did cavemen smell,4,How Bad Did Ancient Humans Smell?,723,1mo ago,BeyondTheMap,14:06,K4JEDpp0YHQ
bathing/body odor,how did cavemen smell,5,Did Ancient Humans Smell Bad?,149452,3mo ago,Pastly,12:44,KY8dzwvDtEE
bathing/body odor,how did cavemen smell,6,What Did Ancient Humans Actually Smell Like to Predators?,537,2mo ago,StickyDude,12:59,NGremLYUWw4
bathing/body odor,how did cavemen smell,7,Did Cavemen Actually Smell THAT Bad?,126,2mo ago,Chroniq Origins,6:44,hfkMth6Qnn0
bathing/body odor,how did cavemen smell,8,Did ancient humans smell terrible?,4617,3mo ago,Mister Caveman,24:34,sO1vaN-BABw
bathing/body odor,how did cavemen smell,9,What Did Ancient Humans Actually Smell Like? | The Surprising Science Behind Our Ancestors,159,2mo ago,Tiny Theory,10:02,m2JsdAjN9GU
bathing/body odor,how did cavemen smell,10,What Did Ancient Humans Do When They Absolutely Reeked?,7455,2w ago,Jacob Explains,27:01,lwIUWu_vAp0
bathing/body odor,how did cavemen smell,11,Did Cavemen Actually Smell Terrible?,,1mo ago,Anciendo,8:26,A60zDw2VkLM
bathing/body odor,how did cavemen smell,12,How Did Ancient Humans Deal With Body Odor?,8,2d ago,First Things of Human,16:46,buKGeXfWn8Q
toothache/dental,how did ancient humans treat toothaches,1,How Did Ancient Humans Treat Toothaches?,,1d ago,Avyn,6:37,wAkCuS1avDs
toothache/dental,how did ancient humans treat toothaches,2,How Did Ancient Humans Treat Toothaches? | The History of Dentistry,10,1mo ago,Stickified,6:31,1s6i2xvOIKI
toothache/dental,how did ancient humans treat toothaches,3,How Did Ancient Humans Treat a Toothache? 5 Real Attempts,,1d ago,Dr Tempa,8:56,ADBQbPleMDQ
toothache/dental,how did ancient humans treat toothaches,4,How Did Ancient Humans Survive Toothaches?,184,2mo ago,irl Explains,12:18,GdtqG2aPObw
toothache/dental,how did ancient humans treat toothaches,5,How Did Ancient Humans Deal With Toothache? | Prehistoric Dental Remedies,3,2d ago,cristoper charlas,4:40,zcYW79qN6-0
toothache/dental,how did ancient humans treat toothaches,6,How Did Ancient Humans Treat Severe Toothaches Without Dentists?,16,3w ago,Ancient Wiring ,11:12,JCl4dIS_5Uo
toothache/dental,how did ancient humans treat toothaches,7,How Did Ancient Humans Handle Toothaches?,4,4w ago,PRIMAL,10:01,HqW3ptFZbLI
toothache/dental,how did ancient humans treat toothaches,8,What Did Ancient Humans Do When They Had a Toothache?,2,16h ago,Scribbly ages ,5:58,GEtfb6WQevs
toothache/dental,how did ancient humans treat toothaches,9,What Did Ancient Humans Do When They Had a Toothache?,,5h ago,Helping hand,6:23,M0CZQxzTk_o
toothache/dental,how did ancient humans treat toothaches,10,How Did Ancient Humans Deal With Toothaches?,6237,4mo ago,Whatly,8:26,ytSfuLh6Mf4
toothache/dental,how did ancient humans treat toothaches,11,How Did Ancient Humans Treat a Toothache?,19,13d ago,AncientOrdinary,17:04,dITSbbRBvVU
toothache/dental,how did ancient humans treat toothaches,12,How Did Ancient Humans Deal With Toothaches?,64,2w ago,The Joy Explains,8:01,-ORNI9U3S20
toothache/dental,did cavemen have cavities,1,Did Cavemen Get Cavities?,1789,5y ago,"Dr. Amanpreet Singh, DDS",3:17,r_d0v05jlzw
toothache/dental,did cavemen have cavities,2,Cavemen had BETTER Teeth than You. Here’s Why.,150207,7y ago,History Dose,5:32,iDu9KWUqyps
toothache/dental,did cavemen have cavities,3,Why Did Cavemen Have Better Teeth Than You?,29,2mo ago,Primal Truth,6:07,w74WyKoyhjw
toothache/dental,did cavemen have cavities,4,Why Ancient Humans Had Better Teeth Than You!,2009703,1y ago,Emily Driscoll,0:48,OBpC7DvkQH4
toothache/dental,did cavemen have cavities,5,Why Didn't Our Ancestors Have To BRUSH Their Teeth? 🪥🦷,1982185,2y ago,The Bentist,0:54,QrCWZE9W9G0
toothache/dental,did cavemen have cavities,6,Why do we have crooked teeth when our ancestors didn’t? - G. Richard Scott,4902383,3y ago,TED-Ed,5:17,li1kO3hg4iE
toothache/dental,did cavemen have cavities,7,Why Our Ancestors Didn't Need To Brush Their Teeth 🤨,63051385,3y ago,Zack D. Films,0:30,Y87g8drletk
toothache/dental,did cavemen have cavities,8,Did Ancient Humans Really Never Get Cavities?,6,1mo ago,First Ones,3:30,3pWJm145Phk
toothache/dental,did cavemen have cavities,9,Did Ancient Humans Get Cavities?,2,1d ago,Stone Age Brain,10:45,8q01UH4y-9E
toothache/dental,did cavemen have cavities,10,Ancient Humans Never Got Cavities,27,2mo ago,Untold Cognition,4:51,T91ENhvzg5Q
toothache/dental,did cavemen have cavities,11,Why Did Ancient Humans NEVER Get Cavities?,4,1mo ago,How Before Us,7:09,MdPeNm7NxFI
toothache/dental,did cavemen have cavities,12,WHY CAVEMEN DIDN'T HAVE CAVITIES,339,1mo ago,Primal Sketch,5:20,RZoSZn7ndfM
toothache/dental,ancient dentistry,1,History of Dentistry - Demons and Tooth Worms - Extra History - Part 1,579523,7y ago,Extra History,11:30,tlkLbJCtR2k
toothache/dental,ancient dentistry,2,Ancient Mayans Had the Coolest Dental Implants,12534,1y ago,Jaypee Dent,0:21,fWcmfG_7PJw
toothache/dental,ancient dentistry,3,The Wild History of Dentistry,167329,4y ago,Into the Shadows,16:00,6_FI-jGloLk
toothache/dental,ancient dentistry,4,How Teeth Were Extracted In The 1800s (ODDLY CALMING),85201,1y ago,World By Charlie,1:03,R-OIgT8UewQ
toothache/dental,ancient dentistry,5,Indians were the first dentists in the world! #shorts #templearchitecture,2837,2y ago,Undiscovered Bharat,0:43,4gQoMB0mEUA
toothache/dental,ancient dentistry,6,How Did Ancient Civilizations Treat Cavities?,5896,3y ago,MindBlowing Tales,0:33,1kKScST3oX0
toothache/dental,ancient dentistry,7,"59,000-year-old tooth shows earliest evidence of dental surgery | ABC NEWS",4627,4mo ago,ABC News (Australia),3:28,G37Vz4Cvz5U
toothache/dental,ancient dentistry,8,The World's First Recorded Dentist #shorts,6101,2y ago,Global Info,0:55,tMH9SAlWN5Y
toothache/dental,ancient dentistry,9,The History of Dentistry! : Hidden Histories,100382,13y ago,Archaeosoup,12:53,9Y5XpiCn3Q4
toothache/dental,ancient dentistry,10,How The Ancient Mayans BEDAZZLED Their Teeth! 😮🦷,43270227,1y ago,The Bentist,1:00,n1UgF4phJcs
toothache/dental,ancient dentistry,11,"Hesire, the first dentist in history #AncientEgypt #Dentistry #History #AncientMedicine",1255,1y ago,Beautiful History,1:08,TgGo3UO65tI
toothache/dental,ancient dentistry,12,The History of Dentistry: From Ancient Practices to Modern Innovations,433,1y ago,It Started Somewhere,7:35,JsnnzWxdNDY
old age,what happened to old people in ancient times,1,How Were Elderly People Treated In Medieval Times?,3619,1y ago,Medieval Times Discovered,17:52,LIPF-0_ES58
old age,what happened to old people in ancient times,2,What Happened to Ancient Humans After Age 60?,248,2mo ago,Odd Enough to Ask,3:46,DTuzX6ROqzo
old age,what happened to old people in ancient times,3,What Really Happened When Ancient Humans Got Old?,15,13d ago,Humanity Unwritten,8:13,Ga10iI85wTs
old age,what happened to old people in ancient times,4,How Did Ancient Humans Deal With Old Age?,25,2w ago,The Ancient Ledger,7:48,wnnZqePVgFI
old age,what happened to old people in ancient times,5,What Actually Happened To Elderly People In Prehistoric Times?,9,1d ago,Phoenix Primeval | Recreating Lost Worlds,7:29,pkpOmxASXTo
old age,what happened to old people in ancient times,6,What Happened When Ancient Humans Got Old?,127482,4mo ago,KisThe History,5:40,8hbLcK19lHg
old age,what happened to old people in ancient times,7,Why Old Age Was Rare in Ancient Humans | History for Sleep,210,3mo ago,Sleepy Human History,1:55:27,LOFeEKylkU0
old age,what happened to old people in ancient times,8,Why Did Ancient Humans Keep Old People Alive?,1144,2mo ago,Zim Explainer,13:03,1B7w2yr9rjA
old age,what happened to old people in ancient times,9,What Happened to Ancient Humans When They Grew Old?,3544,2mo ago,Tom Tatton and 3 more,19:26,ToIRawWG46o
old age,what happened to old people in ancient times,10,What Happened When Ancient Humans Got OLD? Grandmas Saved Us!,10,7d ago,Mark-Explainer,14:01,p9SvtZ2Vq8Q
old age,what happened to old people in ancient times,11,What Did Ancient Humans Actually Do When Someone Got Old,190,1mo ago,Ancient Years,9:23,zEk4cqaVdro
old age,what happened to old people in ancient times,12,What Happened To Ancient Humans When They Got Old?,5,2w ago,Medieval,10:51,JFrEiyfUqlE
old age,how did ancient humans live to old age,1,How Long Did Ancient Humans Really Live?,367755,1y ago,NORTH 02,20:38,-qhy0NyCM4E
old age,how did ancient humans live to old age,2,How Did Ancient Humans Survive Getting Old ?,5586,4w ago,Back Times and UN FELT,14:01,2P6DIl8RF-U
old age,how did ancient humans live to old age,3,How Long Did Ancient Humans Actually Live?,8,1d ago,Ancient Humans,8:53,xg_i1MI1yBU
old age,how did ancient humans live to old age,4,How Did Ancient Humans Grow Old?,29,5d ago,Before Us,8:50,ae2g6WaURqY
old age,how did ancient humans live to old age,5,Why Did Ancient Humans Die Young?,76954,3mo ago,Mack and 2 more,22:04,qsBitnO8djE
old age,how did ancient humans live to old age,6,How Long Did Ancient Humans ACTUALLY Live?,96,5mo ago,Kriatons,13:08,o4-xq1dQMB4
old age,how did ancient humans live to old age,7,What Did Ancient Humans Do When They Got Old?,1221,4mo ago,Voss,11:01,gY3nvKAHh0g
old age,how did ancient humans live to old age,8,How long did ancient humans live?,4,2mo ago,Ancient Human Code,8:28,H5em4s_g07U
old age,how did ancient humans live to old age,9,The Age Most Ancient Humans Never Escaped,11742,2mo ago,Knapp,9:50,OIexIba0edc
old age,how did ancient humans live to old age,10,Ancient Humans Didn't Die at 30 — Here's How Long They Lived,30,13d ago,Ancient Veiling,17:20,rR1rz0GGZi0
old age,how did ancient humans live to old age,11,How Long Did Ancient Humans Actually Live?,6,3mo ago,Nox Mind,8:25,P3rp0KaMcD0
old age,how did ancient humans live to old age,12,How Long Did Ancient Humans Really Live?,1582,1y ago,Sleeping Legends,8:58,FVsi5ZXYQSo
old age,did cavemen live to old age,1,How long did cavemen REALLY live? (Older than you think),6943,4y ago,SOB,9:34,efIYO4o5gMM
old age,did cavemen live to old age,2,Did Cavemen Only Live to 30? | The Stone Age Lifespan Myth,36,13d ago,Forgotten Origins,17:20,_a8oYDvuB1Q
old age,did cavemen live to old age,3,Paleoanthropologist Answers Caveman Questions From Twitter | Tech Support | WIRED,5895957,2y ago,WIRED,17:38,Iy0akbbmJOI
old age,did cavemen live to old age,4,What If You Lived in the Stone Age? | Going Back to Stone Age | Prehistoric Era | Dr. Binocs Show,2588180,1y ago,Peekaboo Kidz,6:01,167gHV80Hdw
old age,did cavemen live to old age,5,Did Cavemen Really Die at 30?,47,1mo ago,Ancient Humans Explains,18:57,bPXNj4Gn2Ao
old age,did cavemen live to old age,6,When Did Neanderthals Live?,45456,2y ago,Ken Ham,0:40,0ASi7AGDIUY
old age,did cavemen live to old age,7,You've Been Lied to About How Long Cavemen Lived,262,2mo ago,The SprOut,9:36,ob7QYo-YlGM
old age,did cavemen live to old age,8,Here’s The REAL Reason Why the Bible Doesn’t Mention Cavemen!,29671,3y ago,Bible Questions Simplified,4:12,oHHftKB6zfM
old age,did cavemen live to old age,9,The Real Age Most Ancient Humans Died At,10,2mo ago,Paint The Ages,11:06,mQA3iEHiveU
old age,did cavemen live to old age,10,How Old Did Ancient Humans Live to Be on Average?,65,3w ago,Kestrel Official and 3 more,21:22,hsuBGOeE29E
old age,did cavemen live to old age,11,Where Did Cavemen REALLY Live? | The Truth About Ice Age Humans,207,1mo ago,Timeline explainer PTE,4:55,vw472-6sEOI
old age,did cavemen live to old age,12,The Ancient Human Lifespan Myth Did Cavemen REALLY Die at 30,11,1mo ago,JUST PAINT IT,11:29,kMIQlUNaXyc
love/romance,did ancient humans fall in love,1,How Did Ancient Humans Actually Fall in Love?,71164,3mo ago,Stickly and 2 more,21:09,WoIKg5fttKE
love/romance,did ancient humans fall in love,2,How Did Ancient Humans Fall in Love?,55,3mo ago,Vexaa,4:58,hax_Z-qfoGA
love/romance,did ancient humans fall in love,3,Did Ancient Humans Fall in Love?,1109,2mo ago,zozzles,23:10,aJEwFxdYEfs
love/romance,did ancient humans fall in love,4,How Did Ancient Humans Fall in Love?,245,7d ago,Our Weird Species,17:50,-1J5S_kBLbo
love/romance,did ancient humans fall in love,5,How Did Ancient Humans Actually Fall in Love?,,1h ago,Gruntwise,8:38,-xZhjHXYhjo
love/romance,did ancient humans fall in love,6,How did ancient humans fall in love?,799,4mo ago,Jimmy,6:38,cINMbcosl4A
love/romance,did ancient humans fall in love,7,How Did Ancient Humans Fall in Love?,146,9d ago,Ink Explained US,18:22,u6ZRvOnXk-E
love/romance,did ancient humans fall in love,8,How Did Ancient Humans Fall in Love?,5,6d ago,Cairn Explainer,5:03,Rx7W2LQlVrA
love/romance,did ancient humans fall in love,9,How Did Ancient Humans Fall in Love?,69,2mo ago,The First People,12:06,gRetMf8k1Qg
love/romance,did ancient humans fall in love,10,Did Ancient Humans Fall in Love?,239,3mo ago,Laniakeya11,24:31,QolgFV_Mhmw
love/romance,did ancient humans fall in love,11,How Did Ancient Humans Fall in Love? | Origin Files,13,2mo ago,Origin Files,4:33,nOETLAThRqs
love/romance,did ancient humans fall in love,12,How Did Ancient Humans Fall In Love? (Before Dating Existed),61,3mo ago,Vora,5:26,1JLwVO5qY5c
love/romance,did cavemen love,1,Did Cavemen Feel Love Like We Do?,184,2mo ago,Zyrooo,7:26,HVJMRuOt9EA
love/romance,did cavemen love,2,Did Cavemen Fall in Love? The Dark Truth About Ancient Love,10823,6d ago,DENN,27:40,voDNEesAUek
love/romance,did cavemen love,3,The Cavemen - Love and Trials  [Official Audio],56823,4y ago,The Cavemen,3:12,yuEk2wOZ-io
love/romance,did cavemen love,4,The Cavemen - Ihunanya (The Love Song) [Official Audio],98803,4y ago,The Cavemen,3:52,MJYlBXJgB2g
love/romance,did cavemen love,5,The Cavemen. - Me You I [Lyric Video],200916,6y ago,The Cavemen,3:02,2PrX3D6BuUA
love/romance,did cavemen love,6,The Cavemen. -  Selense (Official Video),421553,5y ago,The Cavemen,4:23,mBQA_7gKlHk
love/romance,did cavemen love,7,How Did Cavemen Know They Were in Love?,453,4w ago,Knowledge EDU,7:27,TTQbdMunw0Q
love/romance,did cavemen love,8,Did Cavemen Actually Fall in Love? The Science of Ancient Romance,18,3d ago,The Odd Ledger,6:47,lz8S6wpXNNo
love/romance,did cavemen love,9,"How Neanderthals Lived, Loved, Healed? | Who Was The Real Neanderthal? | Full Documentary",360173,9mo ago,Historical Docs,49:00,3Y4_hdKrnqY
love/romance,did cavemen love,10,How Did Ancient Humans Actually Fall in Love?,71164,3mo ago,Stickly and 2 more,21:09,WoIKg5fttKE
love/romance,did cavemen love,11,How Did Cavemen Fall In Love?,162,13d ago,Pootle ,8:42,sNP3vNNgVWY
love/romance,did cavemen love,12,How Did Cavemen Find Love When Everyone Was Their Cousin?,149,12d ago,Crazy History,10:08,8hcjwMZ5-VE
love/romance,how did ancient humans choose partners,1,How Did Ancient Humans Choose a Partner?,3607,3mo ago,HUMAN-ISH,16:06,cceII3LyU_0
love/romance,how did ancient humans choose partners,2,How Did Early Humans Decide Who to Love?,20,6d ago,Chrono Rush,16:19,SBkWPFMkzG0
love/romance,how did ancient humans choose partners,3,How Did Ancient Humans Choose a Partner ?,1335,3mo ago,PrimalMindTV,8:28,fXSMiXpoCB4
love/romance,how did ancient humans choose partners,4,How Did Ancient Humans Choose Their Partners?,9149,6d ago,Boneink,15:25,UFLm7a_PhdM
love/romance,how did ancient humans choose partners,5,How Did Ancient Humans Choose a Partner?,133,1d ago,OverzealousTu,5:18,9yiq9RoBmYQ
love/romance,how did ancient humans choose partners,6,How Did Ancient Humans Choose  Partners?,1342,1mo ago,Mate explains,11:30,VFHCypGL-64
love/romance,how did ancient humans choose partners,7,How Did Ancient Humans Choose Their Partners?,60,1mo ago,Alex,6:56,zy8Mu17MD40
love/romance,how did ancient humans choose partners,8,How Did Ancient Humans Choose a Partner?,52,1d ago,The Curious Bytes,12:31,dC8_7HAl0uQ
love/romance,how did ancient humans choose partners,9,She Wasn’t the Prettiest. So Why Did Ancient Men Choose Her?,906,6d ago,pocket theory,9:21,_OLhBtz1tpU
love/romance,how did ancient humans choose partners,10,Did Ancient Humans Have One Partner?,110472,3mo ago,Mack and 2 more,22:42,5agqeNtjstU
love/romance,how did ancient humans choose partners,11,How Did Ancient Humans Choose a Partner Without Dating Apps?,3240,4mo ago,The Australian Economy,6:56,TwW1xmsjRR8
love/romance,how did ancient humans choose partners,12,How did Ancient Humans Mate?,213181,4mo ago,The Thought Vortex,9:02,rGQ8s6giY04
body hair,why did humans lose body hair,1,How Humans Lost Their Fur,3934827,5y ago,PBS Eons,12:21,E76vqlhmBlc
body hair,why did humans lose body hair,2,When Did We Lose Our Fur,152540,2y ago,Primitive History,9:07,71xcCTd0y2Y
body hair,why did humans lose body hair,3,Why Did Ancient Humans Lose Their Fur?,4818,3mo ago,Stick Knows,19:21,y5ZmwVm1WIw
body hair,why did humans lose body hair,4,The REAL Reason Humans Lost Their Body Hair | History for Sleep,4047,7mo ago,Sleepy Time Historian,2:32:25,UoL5ZFqtk7c
body hair,why did humans lose body hair,5,Why Did Humans Lose Their Body Hair? The Evolutionary Mystery | Anitory,42,4w ago,Anitory ,7:02,YrpKIX0K4gU
body hair,why did humans lose body hair,6,Why Humans Lost Their Fur ?,2716,2mo ago,Chill008 and 3 more,15:41,056eRX1JXqM
body hair,why did humans lose body hair,7,Why Did Ancient Humans Lose Their Body Hair?,1598,2mo ago,Originly,14:52,0Mw1xu38wGk
body hair,why did humans lose body hair,8,Why Do We Still Have Pubic Hair? What Ancient Humans Left Us,188,1mo ago,The Unwritten Age,6:02,Xj0sAShRPSM
body hair,why did humans lose body hair,9,Why Did Ancient Humans Lose Their Body Hair?,1465,2mo ago,Sketchly,16:35,Lw5dllvF2_s
body hair,why did humans lose body hair,10,Why Did Humans Lose Most of Their Body Hair? The Evolutionary Mystery,74,9d ago,ZAUMABTV,6:32,BGpxkaW69dE
body hair,why did humans lose body hair,11,Why Did Humans Lose Almost All Their Body Hair,73,3w ago,Why That Happens,9:14,V0bkrZ0vIW0
body hair,why did humans lose body hair,12,How Humans LOST Their Fur | HISTORY FOR SLEEP,285110,10mo ago,Sleepy Time Historian,2:07:03,Al8vULufNoE
body hair,why are humans hairless,1,How Humans Lost Their Fur,3934827,5y ago,PBS Eons,12:21,E76vqlhmBlc
body hair,why are humans hairless,2,Why Do Humans Have So Much Hair On Their Heads?,290703,5y ago,NORTH 02,9:30,FXvRW1Sm1Nw
body hair,why are humans hairless,3,How Humans LOST Their Fur | HISTORY FOR SLEEP,285110,10mo ago,Sleepy Time Historian,2:07:03,Al8vULufNoE
body hair,why are humans hairless,4,Persistence Hunting: The Evolutionary Reason Humans Are Hairless,57,3mo ago,Human Blueprint Project,12:03,fI2vovMXvFs
body hair,why are humans hairless,5,You'll Be Glad Humans Aren't Hairless After This,17943,1y ago,BRIGHT SIDE,8:54,1_bDJM7wB5w
body hair,why are humans hairless,6,The Real Reason Humans Are Basically Naked.,182,4mo ago,CURION,9:15,IfGEiNIfocc
body hair,why are humans hairless,7,Why are only humans hairless?,107,3y ago,Curiosity,3:20,YQcSSD82--o
body hair,why are humans hairless,8,Why Did Humans Become Hairless?,330,2mo ago,Explain Evolution,16:28,xZwFhPIYwk8
body hair,why are humans hairless,9,"""Why Did Ancient Humans Stop Being Hairy?""",32,2mo ago,ZOG_01,7:15,6BXtyKDXyeY
body hair,why are humans hairless,10,Why did Ancient Humans Become Hairless?,133,2mo ago,Zack Explains,15:16,k3Qe2RNEer8
body hair,why are humans hairless,11,The dark secret behind humans losing their body hair... Why are we naked?,13,2mo ago,Story History,7:36,h211zLYUhy8
body hair,why are humans hairless,12,Why Body Hair?,821670,13y ago,SciShow,4:16,l7nlo-CseGQ
broken bone,how did ancient humans heal broken bones,1,How did Ancient Humans Heal Broken Bones?,5167,2mo ago,Goshu,32:30,euCoMGNlVus
broken bone,how did ancient humans heal broken bones,2,How Did Ancient Humans Heal Broken Bones?,13,3w ago,loop,3:59,h4iIAEXcy38
broken bone,how did ancient humans heal broken bones,3,What happens when you break a bone? - Gurpreet Baht and Natalie Pang,413258,6mo ago,TED-Ed,4:12,gVXoAbeB8QI
broken bone,how did ancient humans heal broken bones,4,How Does Broken Bone Heal?,1132138,3y ago,nabil ebraheim,4:04,X8pouA7I2jw
broken bone,how did ancient humans heal broken bones,5,How Ancient Humans Healed Broken Bones Without Modern Surgery?,200,1mo ago,Sketch Theory ,12:27,w1vQTYRuMsw
broken bone,how did ancient humans heal broken bones,6,The Broken Bone That Proves Ancient Humans Cared,2,3w ago,Ancient Mysteries Decoded,9:14,hlnlJZ3d9qA
broken bone,how did ancient humans heal broken bones,7,How Did Ancient Humans Heal Broken Bones Without Doctors?,3,2w ago,Ancient Echo,7:32,eR8p9VhChis
broken bone,how did ancient humans heal broken bones,8,How Did Ancient Humans Handle Broken Bones?,29,3w ago,Think Explainer,31:38,aPUUx7sA-WE
broken bone,how did ancient humans heal broken bones,9,How Did Ancient Humans Treat a Broken Bone?,433,2mo ago,PrimalMindTV,9:32,7Xi7RlR5eiY
broken bone,how did ancient humans heal broken bones,10,How Did Ancient Humans Survive Broken Bones?,1016,2mo ago,Human Explained,4:20,BAdJYt7HCvo
broken bone,how did ancient humans heal broken bones,11,How DID Ancient Humans Fix Broken Bones?,35,3w ago,How Humans,11:19,Zt5vl8MUFyo
broken bone,how did ancient humans heal broken bones,12,How Did Ancient Humans Heal Broken Bones?,502,2mo ago,Stick Knows,10:27,SrXlspvrygg
broken bone,neanderthal healed broken bones,1,How Did Early Humans Heal Broken Bones... Without Hospitals?,13,1mo ago,Zovryn,12:58,VnTPa9g_dgw
broken bone,neanderthal healed broken bones,2,How Did Ancient Humans Survive When Broken Bones Healed Wrong? 🔥,,23 min ago,Ink Knowledge,9:37,cIZfsKdvJIs
broken bone,neanderthal healed broken bones,3,What Did Ancient Humans Do When Someone Broke A Bone?,3,23h ago,Origin Tales,14:13,idXiRqwqjzQ
broken bone,neanderthal healed broken bones,4,What Did Ancient Humans Do When They Broke a Bone?,75,2w ago,StickVerse,6:39,Ez5SX3yD4h0
broken bone,neanderthal healed broken bones,5,What Happened When an Ancient Human Broke a Leg ?,,3h ago,Weird Ancestor,6:24,MmauFXfsOKs
broken bone,neanderthal healed broken bones,6,How Did Ancient Humans Fix Broken Bones Without Hospitals?,49,1mo ago,Prehisto,6:48,xwRs6b1l0AA
broken bone,neanderthal healed broken bones,7,How Did Ancient People Treat Broken Bones?,11,1mo ago,ZECK,13:33,yB4tLXEWqDc
broken bone,neanderthal healed broken bones,8,how did ancient humans survive broken bones without doctors mp4,47,4w ago,The Human Glitch Theory,17:03,vaW9d9iYdug
broken bone,neanderthal healed broken bones,9,What Did Ancient Humans Do When They Broke a Bone 🦴,42,3w ago,History Donated,12:44,ifhdAu_s92c
broken bone,neanderthal healed broken bones,10,What Did Ancient Humans Do When They Broke a Bone.,11,1d ago,Ghost Explains History,4:56,TqlXPcs-O4w
broken bone,neanderthal healed broken bones,11,What Did Neanderthals Do When They Broke a Bone?,89,2w ago,Hello Ancient,5:27,UtT3BFtoHkQ
broken bone,neanderthal healed broken bones,12,How Did Ancient Humans Set a Broken Bone With No Doctor?,16,1mo ago,Origin Uncovered,6:31,zh7q487vx-k
heat wave,how did ancient humans survive heat,1,How Did Ancient Humans Survive Extreme Heat?,827,4mo ago,ISUNEI,5:13,fv4jCTXrhdc
heat wave,how did ancient humans survive heat,2,How Did Ancient Humans Survive Extreme Heat?,13512,2mo ago,Banana Explains and 3 more,24:22,wlALWafOQyc
heat wave,how did ancient humans survive heat,3,How Did Ancient Humans Survive Extreme Heat Without AC?,156816,1mo ago,Before Civilization,31:25,Zbx_rEvBnPc
heat wave,how did ancient humans survive heat,4,How Did Ancient Humans Survive Extreme Summer Heat?,214,3mo ago,Stone Mind,8:10,LJSZi3-HCrA
heat wave,how did ancient humans survive heat,5,How did ancient humans survive desert heat?,10344,1mo ago,Boneink,21:17,LJbW9EionGo
heat wave,how did ancient humans survive heat,6,How Did Ancient Egyptians Survive the Desert Heat?,1141355,2mo ago,Ancient Life,19:54,1QQZHTD0zJs
heat wave,how did ancient humans survive heat,7,How Did Ancient Humans Survive Extreme Heat?,42,3w ago,Toshu,10:29,icqm0lhC06E
heat wave,how did ancient humans survive heat,8,How Did Ancient Humans Survive Heat Waves,4795,1mo ago,Goshu,32:13,JfKRKN2OtYA
heat wave,how did ancient humans survive heat,9,How Ancient Humans Survived Extreme Heat ?,3173,3mo ago,Chill008 and 3 more,23:11,mA3C8Lj7DbI
heat wave,how did ancient humans survive heat,10,How Did Ancient Humans Survive Extreme Heat Before Air Conditioning?,4087,3d ago,Stickly and 2 more,21:02,hRezxVvZYxE
heat wave,how did ancient humans survive heat,11,How Did Ancient Humans Survive 50°C Heat Without AC?,340,3mo ago,who knows,7:43,aVNFCaz5azQ
heat wave,how did ancient humans survive heat,12,How Did Ancient Humans Survive Heat Without AC?,2902,3mo ago,Whyzo,6:29,bkxsxPXJUaM
heat wave,how did ancient humans survive drought,1,How Ancient Humans Did They Survive Droughts?,151,3mo ago,Before Us,4:55,efYUYI6Fo2k
heat wave,how did ancient humans survive drought,2,How Did Early Humans Survive Drought Years?,30,2d ago,Mind Decoded,6:47,HKa8I14SEHM
heat wave,how did ancient humans survive drought,3,How Did Ancient Humans Survive Droughts That Lasted for Generations?,30,3w ago,Human Origins Explained,7:30,_8ruJ7aWAqQ
heat wave,how did ancient humans survive drought,4,How Did Ancient Humans Survive When There Was No Water?,10,7h ago,HistoryVault Explainer,4:26,IimMXLFdxIQ
heat wave,how did ancient humans survive drought,5,How Did Ancient Humans Survive Years-Long Droughts?,2,9d ago,Stick & Stone History,10:02,jwjMLpSJ5ws
heat wave,how did ancient humans survive drought,6,HOW DID ANCIENT HUMANS SURVIVE A DROUGHT?,56,3w ago,Ancient Humans,8:12,1xyviV578u0
heat wave,how did ancient humans survive drought,7,How Ancient Humans Survived a Drought That Lasted Years?,1020,3mo ago,Dr. Diggs,13:30,AW2lBRkSHcs
heat wave,how did ancient humans survive drought,8,What Ancient Humans Did When It Never Rained,,2w ago,Primal,8:49,qiSQR4OavbA
heat wave,how did ancient humans survive drought,9,How Did Ancient Humans Survive Deadly Drought,158,4mo ago,Ancient Axon ,5:44,3nhbe5BXRa0
heat wave,how did ancient humans survive drought,10,What Did Ancient Humans Do For Droughts ?,13,10d ago,Ancient Years,10:37,zzF2RUJOnPw
heat wave,how did ancient humans survive drought,11,How Did Ancient Humans Survive a Drought?,76,3mo ago,Bone & Fire History,9:19,5eA8ygQb4zI
heat wave,how did ancient humans survive drought,12,How Did Ancient Humans Survive Endless Drought?,3032,2mo ago,Dane,20:45,6ZjIBtNasM0
volcanic winter,toba eruption humans survive,1,How a Supervolcano Ignited an Evolutionary Debate,808979,5y ago,PBS Eons,10:45,AWUTlVxOsIw
volcanic winter,toba eruption humans survive,2,How Did Ancient Humans Survive the Toba Supervolcano,43,1mo ago,Caeno,8:55,H4hqJIXXG58
volcanic winter,toba eruption humans survive,3,"74,000 Years Ago a Volcano Nearly Killed EVERY Human on Earth - Only Thousands Survived",13712,5mo ago,Sleepy Time Historian,2:22:04,1kun8ddWakU
volcanic winter,toba eruption humans survive,4,The Toba Super Eruption - The Day Humanity Almost Vanished,282518,9mo ago,Final Frame History,13:46,ypYoXMZeFqY
volcanic winter,toba eruption humans survive,5,How Toba Volcano Nearly Wipe Out Humanity?,11257,1y ago,Anthromedia,33:53,cmJU2KP7OU4
volcanic winter,toba eruption humans survive,6,The Super Volcano That Nearly Destroyed The Human Race | Catastrophe,866203,2y ago,Naked Science,48:56,LHrVQjyMYJE
volcanic winter,toba eruption humans survive,7,The Eruption That Nearly Erased Humanity,22392,11mo ago,The Snoozy Scientist,2:51:33,twKTkGzouBE
volcanic winter,toba eruption humans survive,8,How Did Humans Survive the Toba Supervolcano?,234,1mo ago,Prehistoric Guy,9:10,4XwOYUsPUVA
volcanic winter,toba eruption humans survive,9,The CRAZIEST Survival Methods Used by Ancient Humans During Toba Eruption,46,1mo ago,The Primal Logic,12:51,f3rTICRhEcQ
volcanic winter,toba eruption humans survive,10,TOBA: The Supereruption That Nearly Wiped Out Humanity,7575,1mo ago,Patrick History Remaker,28:34,q0UClaXjyp8
volcanic winter,toba eruption humans survive,11,How the TOBA SUPERVOLCANO Almost Wiped Out Humanity,228,2mo ago,James Comic,10:16,6CbgzferM0Q
volcanic winter,toba eruption humans survive,12,The Toba Supervolcano : Survival Evidence From India | History Beyond 5000,1947,1y ago,Beyond 5000,8:45,ZHCn39mYh5I
volcanic winter,volcanic winter ancient humans,1,How Ancient People Survived a Volcanic Winter,28961,3y ago,BRIGHT SIDE,9:24,sBzQOjPKag0
volcanic winter,volcanic winter ancient humans,2,How Did Ancient Humans Survived the Volcanic Toba Eruption?,87,3mo ago,Ancient Humans,3:13,-1uvNNFFpGQ
volcanic winter,volcanic winter ancient humans,3,The Year The Sun Turned Black: The Volcanic Winter Of 536 AD | Catastrophe | Timeline,3158167,3y ago,Timeline - World History Documentaries,1:39:25,Azu6NN5bZWc
volcanic winter,volcanic winter ancient humans,4,"Volcanic Winter, Population Bottlenecks, and Human Evolution",173059,11y ago,Peabody Museum of Archaeology & Ethnology,1:07:50,Nj1ds5JsyGE
volcanic winter,volcanic winter ancient humans,5,What was It Like For Ancient Humans During A Volcanic Winter?,21,2mo ago,RAVN,13:11,aVMh1p9sYEU
volcanic winter,volcanic winter ancient humans,6,The Biggest Volcanic Eruption in Human History,459883,8y ago,SciShow,5:46,GlkijaN-wdo
volcanic winter,volcanic winter ancient humans,7,How Ancient Humans Survived A Volcanic Winter That Blocked The Sun?,823,3w ago,Jame Ink,26:59,8G0RxZcHHZQ
volcanic winter,volcanic winter ancient humans,8,How Ancient Humans Really Survived a Volcanic Winter,484,8mo ago,Bright Side History Legends Awakened,1:31:19,rlYt1fkDYys
volcanic winter,volcanic winter ancient humans,9,How a Supervolcano Ignited an Evolutionary Debate,808979,5y ago,PBS Eons,10:45,AWUTlVxOsIw
volcanic winter,volcanic winter ancient humans,10,"How Ancient Humans Survived The Longest Winter in HistoryFocus Volcanic winter,  cold survival",9,13d ago,Forgotten Frontier - History ,22:59,bkNfy9WRmGM
volcanic winter,volcanic winter ancient humans,11,The Terrifying Reality Of How Ancient Humans Survived A Volcanic Winter Apocalypse,21,2mo ago,Homo Chronicles,13:27,S9lOaCvYIHU
volcanic winter,volcanic winter ancient humans,12,How Did Ancient Humans Survive a Global Volcanic Winter?,106,2mo ago,DawnVerse,21:26,qeErMbNcFow
lost alone,what did ancient humans do when lost alone,1,What Did Ancient Humans Do All Year?,4457,20h ago,Zenn,11:13,4MkAjGeYyHY
lost alone,what did ancient humans do when lost alone,2,What Did Ancient Humans Do When They Got Lost?,,5h ago,Stickly Ancient,5:13,7GOdG8ZzCN0
lost alone,what did ancient humans do when lost alone,3,What Did Early Humans ACTUALLY Do All Day? | History for Sleep,2699566,9mo ago,Sleepy Time Historian and Sleepy Time Origins,2:15:36,AHTEnwz0bL4
lost alone,what did ancient humans do when lost alone,4,Why Did Ancient Humans Start Believing in Gods?,9454,1d ago,Boneink,36:08,rENhvYUuZkg
lost alone,what did ancient humans do when lost alone,5,Did Ancient Humans Live Outside of Time?,45084,3mo ago,Ben Rosenberg,15:02,P2GtRxDYpvI
lost alone,what did ancient humans do when lost alone,6,Whats Happens When You Left Alone in the wild | Lost Ancient Humans #Anunnaki #ancientaliens,201,3mo ago,Lost Ancient Humans,9:06,bOOZuhGULoo
lost alone,what did ancient humans do when lost alone,7,What Did Ancient Humans Do When It Was Too Cold to Sleep,460074,1mo ago,Astro Depth,40:32,_TEYpV3u4xg
lost alone,what did ancient humans do when lost alone,8,What Did Ancient Humans Do at Night?,8027000,5mo ago,Zenn,8:32,st_Ah6Ykbh4
lost alone,what did ancient humans do when lost alone,9,"The Missing 100,000 Years: What Humans Did BEFORE Civilization | History for Sleep",1050224,9mo ago,Sleepy Time Historian and Sleepy Time Origins,2:21:35,FEe4kEP2SqA
lost alone,what did ancient humans do when lost alone,10,What Did Ancient Humans Do All Night?,10354,21h ago,Ink Explainer,14:43,j5PV676RN_U
lost alone,what did ancient humans do when lost alone,11,What Did Ancient Humans Feel When They Were Alone?,214,2mo ago,Deep Time,14:37,7_P-TpdwsyE
lost alone,what did ancient humans do when lost alone,12,What Did Ancient Humans Actually Do When They Got Lost?,400,2w ago,Origin Oddity,9:21,YQXjjyUsVl8
lost alone,could a caveman survive alone,1,Could You Actually Survive One Day as a Caveman?,606,2w ago,Cosmic Explainer,14:37,O75NQ-gMLo4
lost alone,could a caveman survive alone,2,Could You Survive the First 3 Days of the Stone Age?,28,1d ago,Cave and Tell,4:15,IFh5yPbomSM
lost alone,could a caveman survive alone,3,How Cavemen Actually Survived the Last Ice Age,433397,1y ago,Raw Humanity,2:15:40,VOhowqx1Jw4
lost alone,could a caveman survive alone,4,Could You Survive ONE Day as a Caveman?,133,1mo ago,Krok,22:31,SuH4cCc-vDI
lost alone,could a caveman survive alone,5,"""Could You Survive 1 Hour in a Caveman’s World?""",63,1y ago,Primalis ,11:49,ZhIQPAK4Wfg
lost alone,could a caveman survive alone,6,Can a Caveman Survive a Supermarket Blackout?,6,2w ago,Paper Trail,12:03,MDAZ1T0FIGY
lost alone,could a caveman survive alone,7,Paleoanthropologist Answers Caveman Questions From Twitter | Tech Support | WIRED,5895957,2y ago,WIRED,17:38,Iy0akbbmJOI
lost alone,could a caveman survive alone,8,Could You Survive One Day as a Caveman?,111,3w ago,Unpacking Humanity,7:54,2dSsedRwOfo
lost alone,could a caveman survive alone,9,Could You Survive 24 Hours as a Caveman,55,3mo ago,Ancient Uncovered,4:26,l_3n1OS92Ws
lost alone,could a caveman survive alone,10,Why You Wouldn't Survive a Single Night as a Caveman?,57,6d ago,Your Ancient Self,6:24,gqXnN1LxWV4
lost alone,could a caveman survive alone,11,Could You Survive Against a Caveman?,171,8d ago,Archivic,10:43,zA7Nf333Kz4
lost alone,could a caveman survive alone,12,Could a Caveman Survive a Saber-Toothed Cat?,,2d ago,Kao,18:07,ZTSgHEpaUBs
neanderthal vs us,could neanderthals beat humans,1,Which Human Species Could You Beat in a Fight?,951235,3w ago,Fossil,19:45,B5Lmnh_BHOU
neanderthal vs us,could neanderthals beat humans,2,Humans vs Neanderthals In The Olympics,726588,6mo ago,ExtinctZoo ,21:30,HGQwieMB3l0
neanderthal vs us,could neanderthals beat humans,3,Could Humans Survive the Mesozoic? Neanderthals vs Dinosaurs,274621,1y ago,Vividen: Paleontology Evolved,16:18,tdvU8VsgQp8
neanderthal vs us,could neanderthals beat humans,4,Why did neanderthals go extinct? | Graham Hancock and Lex Fridman,65108,1y ago,Lex Clips,4:19,7SyJR-MWKH8
neanderthal vs us,could neanderthals beat humans,5,Who Would Win: You VS. Neanderthal,1443411,6y ago,BRIGHT SIDE,10:02,1ap4atei8v0
neanderthal vs us,could neanderthals beat humans,6,DNA Analysis Reveals the REAL Reason Neanderthals Went Extinct,603471,11mo ago,The Infographics Show,16:40,NKWLVNGFrno
neanderthal vs us,could neanderthals beat humans,7,Could a Neanderthal Beat a UFC Champion?,314,3mo ago,Mr. Unlocked,18:11,ij1NVLtIpnU
neanderthal vs us,could neanderthals beat humans,8,Human Fighters vs Untrained Neanderthal In Every Combat Sport - The Honest Truth,9435,4mo ago,Wild Dosage ,9:57,OmBTIZ6GvKU
neanderthal vs us,could neanderthals beat humans,9,Humans vs. Neanderthals - Who Would Win? Archaeologists Weigh In,88452,13y ago,The Young Turks,6:56,lYmDI0qJypg
neanderthal vs us,could neanderthals beat humans,10,The biggest myths about Neanderthals - Bruce Hardy,521857,7mo ago,TED-Ed,7:10,EtiC0DVewa4
neanderthal vs us,could neanderthals beat humans,11,CHIMPANZEE vs NEANDERTHAL-Who Would Win in a Fight?,189395,1y ago,Creature Challenge,15:58,-Rel8-gzwjs
neanderthal vs us,could neanderthals beat humans,12,Humans vs Superhumans | When Monsters Were Real and We Almost Went Extinct,6564210,2y ago,The Why Files,45:55,juyvnVL6V7g
neanderthal vs us,what if neanderthals survived,1,"What If the Neanderthals Had Not Gone Extinct 40,000 Years Ago?",1648983,7y ago,What If,3:58,CSgkeyqRvIY
neanderthal vs us,what if neanderthals survived,2,What if Neanderthals Didn't Go Extinct?,1952271,9y ago,AlternateHistoryHub,5:54,ORtCKp8CNVk
neanderthal vs us,what if neanderthals survived,3,What If Neanderthals Never Stopped Evolving?,577489,10mo ago,AlmondTheArtist,10:43,SN-_X1hayBE
neanderthal vs us,what if neanderthals survived,4,Humans vs Neanderthals In The Olympics,726588,6mo ago,ExtinctZoo ,21:30,HGQwieMB3l0
neanderthal vs us,what if neanderthals survived,5,What If Neanderthals Had Not Gone Extinct?,331579,1y ago,The First Dawn,22:02,txyLqrJk9gg
neanderthal vs us,what if neanderthals survived,6,My Theory About Neanderthals,8616030,9y ago,Sam O'Nella Academy,4:02,DX0Dg9MxsOg
neanderthal vs us,what if neanderthals survived,7,Why Are We The Only Humans Left?,8207759,9y ago,Be Smart,7:32,dbHj-Q1FTj8
neanderthal vs us,what if neanderthals survived,8,Neanderthals Were Absolute Freaks Of Nature,7219996,1y ago,ExtinctZoo ,16:26,yxgQcYGvWG0
neanderthal vs us,what if neanderthals survived,9,Could Humans Survive the Mesozoic? Neanderthals vs Dinosaurs,274621,1y ago,Vividen: Paleontology Evolved,16:18,tdvU8VsgQp8
neanderthal vs us,what if neanderthals survived,10,DNA Analysis Reveals the REAL Reason Neanderthals Went Extinct,603471,11mo ago,The Infographics Show,16:40,NKWLVNGFrno
neanderthal vs us,what if neanderthals survived,11,What If Neanderthals Never Went Extinct? (Alternate Human History),12605,5mo ago,Worldostats,8:26,Vpk1nj2GwXM
neanderthal vs us,what if neanderthals survived,12,What if the Neanderthals never went Extinct?,58926,11y ago,Whatifalthist,6:36,4pqYB7xPw4s
3am waking,why do I wake up at 3am ancient humans,1,Why You Keep Waking Up at 3AM? Ancient Humans Did This to You.,15,5d ago,Stickman Explains,11:37,t_340cYmSzo
3am waking,why do I wake up at 3am ancient humans,2,When You Wake Up At 3am (Your Ancestors Did Too),218,13d ago,Markwell,8:25,V0wEk52cq7Q
3am waking,why do I wake up at 3am ancient humans,3,Why Do You Wake Up at 3 AM? Ancient Humans Did Too,,1h ago,Bonnie Explain,9:05,LYuzLC6ET_k
3am waking,why do I wake up at 3am ancient humans,4,Why You Really Wake Up at 3AM (It's Not Insomnia),115,2w ago,Human Sketch,4:58,UyOG2BmBM6M
3am waking,why do I wake up at 3am ancient humans,5,Why Humans Wake Up at 3 AM: The Ancient Survival Secret of Sleep,8,1h ago,Story Explainer,7:37,NIhuObDf-Ys
3am waking,why do I wake up at 3am ancient humans,6,Why Did Ancient Humans Wake Up at 3 AM on Purpose?,3,20h ago,Miss Uncovers,4:19,VnQl6shQKzM
3am waking,why do I wake up at 3am ancient humans,7,SECRETS Of Ancient Humans: Waking Up At 3AM Was NORMAL? (And It Still Affects You Today!),968,12d ago,Uncle Duck,7:38,7S1XRTSxb4s
3am waking,why do I wake up at 3am ancient humans,8,Why You Wake Up at 3 AM (Your Ancient Brain Isn't Broken),,1h ago,cristoper charlas,4:25,T3R2zxPof1Q
3am waking,why do I wake up at 3am ancient humans,9,Why You Wake Up at 3AM (Your Ancestors Did It On Purpose),11,4d ago,kerivox,9:54,AtiRaGq63hk
3am waking,why do I wake up at 3am ancient humans,10,People Used to Sleep Twice a Night. So Why Do You Wake at 3AM?,18,10d ago,Caveman Brain,11:56,iVuP5RimwrQ
3am waking,why do I wake up at 3am ancient humans,11,Why You Wake Up at 3AM (Ancient Humans Did This Too),4,2w ago,Ruang Pikir,4:45,ZzdRrUjU_c8
3am waking,why do I wake up at 3am ancient humans,12,The Reason You Wake Up At 3am Has A Neanderthal Name,411,3mo ago,The Other Humans,10:45,J1N8umak4mU
3am waking,biphasic sleep ancient humans,1,Your Sleep Schedule Is Only 200 Years Old #dwhistoryandculture,18336,1y ago,DW History and Culture,0:49,KcaLMkKr_TU
3am waking,biphasic sleep ancient humans,2,Medieval people practiced biphasic sleep! Ever tried it? #history #art,4331959,6mo ago,History by Mae,0:17,IdpnFPdPs_I
3am waking,biphasic sleep ancient humans,3,"Trying Biphasic Sleep for 2 Months, See Why It Improved My Day",1043162,5y ago,WheezyWaiter,15:47,45Cus3pPUt8
3am waking,biphasic sleep ancient humans,4,What Did Ancient Humans Do at Night?,8027000,5mo ago,Zenn,8:32,st_Ah6Ykbh4
3am waking,biphasic sleep ancient humans,5,What Do Scientists Really Know About Polyphasic Sleep?,611426,8y ago,SciShow,5:16,-wXppi_OfEo
3am waking,biphasic sleep ancient humans,6,"I Tried the Forgotten Habit of ""Two Sleeps""",1163322,4y ago,The Unlazy Way,11:12,vfBMPw2kyY8
3am waking,biphasic sleep ancient humans,7,Biphasic Sleep: What Ancient Humans Actually Did at Night (And Why You Wake at 3AM),113,3mo ago,Digital Milestones,8:37,zU1LUPt807E
3am waking,biphasic sleep ancient humans,8,Why Humans Are Supposed to Sleep in Two 4-Hour Phases,2756510,5y ago,Half as Interesting,6:20,DKBXFfEPJyg
3am waking,biphasic sleep ancient humans,9,Why Did Ancient Humans Stop Sleeping Through the Night?,193,3mo ago,Nova Lore,8:53,qOjrG2S8io4
3am waking,biphasic sleep ancient humans,10,Medieval Nights: The Lost Tradition of Two Sleeps,490051,1y ago,History and Coffee,12:24,x1Q4tYhLRvA
3am waking,biphasic sleep ancient humans,11,What Sleep Was Really Like For Ancient Humans | Before Us,42,3mo ago,Before Us,10:19,1ozC6x2_b8I
3am waking,biphasic sleep ancient humans,12,Why Ancient Humans Slept in Two Shifts (BIPHASIC SLEEP?!),5,2mo ago,PrimevalQuest,9:23,WpJousXX_Kg
3am waking,first sleep second sleep history,1,Why Humans Are Supposed to Sleep in Two 4-Hour Phases,2756510,5y ago,Half as Interesting,6:20,DKBXFfEPJyg
3am waking,first sleep second sleep history,2,Why Humans Have a ‘First Sleep’ and ‘Second Sleep’,8978,5mo ago,History of Simple Things,8:41,d8HoUTAryho
3am waking,first sleep second sleep history,3,Latchkey History - Our Lost Second Sleep - Why we used to have 2 sleeps each night,978,9mo ago,Latchkey History,6:44,GI_9gCdfdKE
3am waking,first sleep second sleep history,4,Why Medieval People Slept in Two Blocks?,2327,1y ago,Viking Times,2:28:52,wSN7Gs7gQOc
3am waking,first sleep second sleep history,5,What Did Ancient Humans Do at Night?,8027000,5mo ago,Zenn,8:32,st_Ah6Ykbh4
3am waking,first sleep second sleep history,6,"I Tried the Forgotten Habit of ""Two Sleeps""",1163322,4y ago,The Unlazy Way,11:12,vfBMPw2kyY8
3am waking,first sleep second sleep history,7,"People Slept TWICE a Night - The Forgotten ""Two Sleeps"" of the Middle Ages | History for Sleep",88,7d ago,Long Past Bedtime,1:04:06,lq9Ey4ZN178
3am waking,first sleep second sleep history,8,Why Medieval People Slept in Two Shifts?,642854,1y ago,Medieval History,15:11,jIaSwnMbU-Q
3am waking,first sleep second sleep history,9,"First Sleep, Second Sleep: A Gentle Night in the Medieval World",290,1y ago,History for Sleep ,3:10:52,NbrupjbfWbI
3am waking,first sleep second sleep history,10,Medieval Nights: The Lost Tradition of Two Sleeps,490051,1y ago,History and Coffee,12:24,x1Q4tYhLRvA
3am waking,first sleep second sleep history,11,The Ancient Reasons We NAP - How Humans Learned to Sleep Twice a Day,16952,9mo ago,Mr. Deep History,2:42:39,1svCR2KdWxc
3am waking,first sleep second sleep history,12,Why People Used to Sleep Twice a Night | The Forgotten History of Two-Sleep,43,6d ago,History Makes You Sleep,2:27:49,qTRANsW_4Oc
sick,what did ancient humans do when they got sick,1,What Did Ancient Humans Do When They Got Sick? (Not What You Think),13,1d ago,Ancient Humans,11:57,czhi9U4sG5E
sick,what did ancient humans do when they got sick,2,How Did Ancient Humans Know They Were Sick?,75,4h ago,Joe and Grug,12:24,l5f5DctkBAU
sick,what did ancient humans do when they got sick,3,What Did Ancient Humans Do When They Got Sick?,,29 min ago,How They Lived,11:16,-24_R4h-97E
sick,what did ancient humans do when they got sick,4,What Did Cavemen Actually Do When They Were Sick,2969,1y ago,The First Dawn,17:05,wW2xOn1nPqY
sick,what did ancient humans do when they got sick,5,The Real Reason Sick Cavemen Didn't Just Die,638,2w ago,History Doodles,13:02,xIGZqXu3D8s
sick,what did ancient humans do when they got sick,6,"What Did Ancient Humans Do When They Got Sick? 🤒 | 50,000 Years Ago",35,12d ago,Why We Do,17:59,a-EC_Xl4668
sick,what did ancient humans do when they got sick,7,What Did Ancient Humans Do When They Got Sick?,17,12d ago,Ancient Why?,13:40,cpxmndRM-tY
sick,what did ancient humans do when they got sick,8,What Did Ancient Humans Do When Someone Got Sick ?,232,1mo ago,Ancient You,8:25,6BU79Kqw3AI
sick,what did ancient humans do when they got sick,9,What Did Ancient Humans Do When They Got Sick?,140,5mo ago,Vellum,8:23,6eWY21v7fW4
sick,what did ancient humans do when they got sick,10,What did ancient humans do when they got sick?,31,2w ago,The World Then,14:57,9wrLmESBnm4
sick,what did ancient humans do when they got sick,11,What Did Ancient Humans Do When They Got Sick?,258,2mo ago,Joe and Grug,8:17,sUCCWsh-NcI
sick,what did ancient humans do when they got sick,12,What Did Ancient Humans Do When They Got Sick,6,3w ago,WHY HUMANS,13:34,w12fU1fqgHQ
sick,how did ancient humans treat infections,1,How Did Ancient Humans Treat Infections Without Medicine? ,19,2w ago,icdty,3:11,EkmjUWs6Tlc
sick,how did ancient humans treat infections,2,How Did Ancient Humans Handle Sickness and Infection Without Modern Medicine?,2,1h ago,Cavzi talk,8:56,XhW54gau_aY
sick,how did ancient humans treat infections,3,How Did Ancient Humans Treat Wounds and Disease?,73,9d ago,Wired By Time ,11:42,k34BCd6NJKc
sick,how did ancient humans treat infections,4,How Did Ancient Humans Survive Infections?,394,3w ago,The Thought Vortex,12:43,L9YSzogESic
sick,how did ancient humans treat infections,5,How Did People Survive Infections Before Antibiotics?,7,2w ago,Toptopic,4:53,x6l5TwmxK-4
sick,how did ancient humans treat infections,6,Cavemen's Disgusting Secret to Beating Infections!,197,2mo ago,Stick Plot,10:09,IQWgWneoj9s
sick,how did ancient humans treat infections,7,How Did Ancient Humans Survive Infections Before Antibiotics?,99,3w ago,Human Default,8:00,ovS7zOzpjRI
sick,how did ancient humans treat infections,8,How Did Ancient Doctors Treat Infections?,19,3d ago,Elvo Explainer,22:38,b3_yLJKqVK0
sick,how did ancient humans treat infections,9,How Did Ancient Humans Survive Infections Without Antibiotics?,51,3w ago,Mason Explains,13:05,z_FIZkLgpoE
sick,how did ancient humans treat infections,10,How Did Ancient Humans Survive Without Antibiotics?,106,3w ago,The Human Origin,9:36,BuyWekcLr1g
sick,how did ancient humans treat infections,11,How Did Ancient Humans Treat Infected Wounds?,111,2mo ago,Human Before,6:59,r8X5yo-Ijiw
sick,how did ancient humans treat infections,12,How Did Ancient Humans Fight Infections Before Medicine?,23,12d ago,The Ancient Ledger,24:15,JdCaGrDSXhQ
toilets/hygiene,how did ancient humans go to the toilet,1,How Did Ancient Humans Go to the Bathroom?,304,1mo ago,Simply Sapiens,8:21,ByTYIqnedek
toilets/hygiene,how did ancient humans go to the toilet,2,How Did Ancient Humans Go to the Toilet?,1204,2mo ago,Olde,7:39,ZR29kPICTtE
toilets/hygiene,how did ancient humans go to the toilet,3,How Did Ancient Humans Go To The Toilet ?,22,23h ago,Rune,10:11,wwm8iYkUfcw
toilets/hygiene,how did ancient humans go to the toilet,4,How Did Ancient Humans Use the Bathroom?,49,2mo ago,Before Us,10:44,d0pPL9NF7x0
toilets/hygiene,how did ancient humans go to the toilet,5,How Did Ancient Humans Go to the Bathroom?,43,20h ago,Ask Og,10:00,gVQbh_23BSU
toilets/hygiene,how did ancient humans go to the toilet,6,How Did Ancient Humans Actually Go To The Toilet?,55604,2mo ago,Broyaa,6:21,S1dB7QgjXEM
toilets/hygiene,how did ancient humans go to the toilet,7,How Did Ancient Humans Go to the Bathroom?,30,2d ago,InkPast,7:31,-g-1aAOAUV4
toilets/hygiene,how did ancient humans go to the toilet,8,How Did Ancient Humans Go To The Bathroom?,178,1mo ago,History On A Stick,7:44,ZOryxFkusYE
toilets/hygiene,how did ancient humans go to the toilet,9,This Is How Ancient Humans Went to the Bathroom (Full History),44029,4mo ago,Basically Primitive,7:37,ZSSlDKGFpI4
toilets/hygiene,how did ancient humans go to the toilet,10,A brief history of toilets - Francis de los Reyes,6231608,5y ago,TED-Ed,5:22,0dYk99S98Jc
toilets/hygiene,how did ancient humans go to the toilet,11,How Did Ancient Humans Go to the Bathroom?,671,5d ago,HUMAN BACKSTORY,27:29,Ud4NS3H_b4o
toilets/hygiene,how did ancient humans go to the toilet,12,How Did Ancient Humans Go to the Toilet?,,3h ago,Ask Oog,11:40,IPnLbtI6wKo
toilets/hygiene,did cavemen use toilet paper,1,How Did Cavemen Wipe Without Toilet Paper?,549,5d ago,Whatless,6:05,L3Ni6vzaC6E
toilets/hygiene,did cavemen use toilet paper,2,What Did Cavemen Use Instead of Toilet Paper?,8,3d ago,hesta lio,2:26,5NEgfuH-lhQ
toilets/hygiene,did cavemen use toilet paper,3,How Did Cavemen Go to the Toilet?,13718,2mo ago,The primal past,2:53,oeHMsHBsYW4
toilets/hygiene,did cavemen use toilet paper,4,Did Cavemen Wipe?,18,2mo ago,fern,6:06,fN21vXsdN74
toilets/hygiene,did cavemen use toilet paper,5,Did Ancient Humans Not Wipe Their Butts?,325911,2mo ago,PROF. STICKMAN,6:02,VFlbBtxrQHY
toilets/hygiene,did cavemen use toilet paper,6,What Did Ancient Humans Use for Toilet Paper?,97,3mo ago,Nero Explains,9:42,w-33_5hHbBo
toilets/hygiene,did cavemen use toilet paper,7,What Did Humans Use Before Toilet Paper? (It’s Gross),39,1mo ago,Sapien Senses,9:19,ahgdfLzxMXI
toilets/hygiene,did cavemen use toilet paper,8,How Did Cavemen Go to the Bathroom?,48,2mo ago,Hardly Hard,3:50,0P0K1Y3zyVo
toilets/hygiene,did cavemen use toilet paper,9,What Did Ancient Humans Use Before Toilet Paper?,13,1mo ago,Cavely,6:30,hMkiRgI5ePA
toilets/hygiene,did cavemen use toilet paper,10,How Did Cavemen Wipe? (They Did Not Use Leaves),5,3mo ago,Caveman Life,11:04,nkXaysMzljU
toilets/hygiene,did cavemen use toilet paper,11,Before Toilet Paper? What Humans Really Used 🤔 || Caveman Explorer ,,2mo ago,Caveman Explorer ,3:13,nVS1t4z5MkE
toilets/hygiene,did cavemen use toilet paper,12,How Did Ancient Humans Wipe Before Toilet Paper?,164,1mo ago,Leftover Human,8:08,XskzhFJrH5U
